name,slug,address,latitude,longitude,parking_type,total_spaces,is_24h,open_time,close_time,fee_type,amount_yen,duration_minutes,fee_notes,restriction_name,max_length_mm,max_width_mm,max_height_mm,max_weight_kg,spaces_count,restriction_notes,source_url
神田神保町第２０,repark-rep0028297,東京都千代田区神田神保町２丁目２１,35.694891912618,139.75683240091,self_propelled,3,TRUE,,,hourly,330,12,,ハイルーフ,5000,1900,2000,2000,3,,https://www.repark.jp/parking_user/time/result/detail/?park=REP0028297&st=4&pref=13
西神田３丁目,repark-rep0011698,東京都千代田区西神田３丁目１ー３,35.697288822932,139.75366588652,self_propelled,3,TRUE,,,hourly,440,12,,ハイルーフ,5000,1900,2000,2000,3,,https://www.repark.jp/parking_user/time/result/detail/?park=REP0011698&st=4&pref=13
神田神保町２丁目,repark-rep0028574,東京都千代田区神田神保町２丁目３４ー３,35.697336068552,139.75530741501,self_propelled,1,TRUE,,,hourly,330,15,,ハイルーフ,5000,1900,2000,2000,1,,https://www.repark.jp/parking_user/time/result/detail/?park=REP0028574&st=4&pref=13
九段北１丁目第４,repark-rep0023263,東京都千代田区九段北１丁目７ー６,35.697227681211,139.75153273349,self_propelled,4,TRUE,,,hourly,440,12,,ハイルーフ,5000,1900,2000,2000,4,,https://www.repark.jp/parking_user/time/result/detail/?park=REP0023263&st=4&pref=13
九段北１丁目第５,repark-rep0028478,東京都千代田区九段北１丁目１０ー６,35.697419319533,139.7511216478,self_propelled,5,TRUE,,,hourly,330,15,,ハイルーフ,5000,1900,2000,2000,5,,https://www.repark.jp/parking_user/time/result/detail/?park=REP0028478&st=4&pref=13
神田神保町第１９,repark-rep0024715,東京都千代田区神田神保町１丁目１６ー４,35.696497329037,139.75872939144,self_propelled,7,TRUE,,,hourly,330,15,,ハイルーフ,5000,1900,2000,2000,7,,https://www.repark.jp/parking_user/time/result/detail/?park=REP0024715&st=4&pref=13
神田神保町第９,repark-rep0007891,東京都千代田区神田神保町１丁目４０,35.697577755645,139.75793774044,self_propelled,5,TRUE,,,hourly,330,20,,ハイルーフ,5000,1900,2000,2000,5,,https://www.repark.jp/parking_user/time/result/detail/?park=REP0007891&st=4&pref=13
神保町三井ビルディング駐車場,repark-rep0002437,東京都千代田区神田神保町１丁目１０５,35.693892074046,139.7599516319,self_propelled,38,FALSE,,,hourly,300,20,,一般,5300,1950,2100,2200,38,,https://www.repark.jp/parking_user/time/result/detail/?park=REP0002437&st=4&pref=13
神田神保町第１１,repark-rep0012320,東京都千代田区神田神保町１丁目３９,35.694653113104,139.76049321888,self_propelled,14,TRUE,,,hourly,330,10,,ハイルーフ,5000,1900,2000,2000,14,,https://www.repark.jp/parking_user/time/result/detail/?park=REP0012320&st=4&pref=13
飯田橋１丁目第３,repark-rep0014353,東京都千代田区飯田橋１丁目１２ー１１,35.698591379228,139.74894955122,self_propelled,3,TRUE,,,hourly,330,15,,ハイルーフ,5000,1900,2000,2000,3,,https://www.repark.jp/parking_user/time/result/detail/?park=REP0014353&st=4&pref=13
銀座２丁目第４,repark-rep0010047,東京都中央区銀座２丁目１６ー７,35.670636417057,139.77080457942,self_propelled,3,TRUE,,,hourly,440,12,,ハイルーフ,5000,1900,2000,2000,3,,https://www.repark.jp/parking_user/time/result/detail/?park=REP0010047&st=4&pref=13
銀座１丁目第８,repark-rep0023318,東京都中央区銀座１丁目２１ー１３,35.67250565984,139.7706739482,self_propelled,4,TRUE,,,hourly,440,12,,ハイルーフ,5000,1900,2000,2000,4,,https://www.repark.jp/parking_user/time/result/detail/?park=REP0023318&st=4&pref=13
築地２丁目第６,repark-rep0013826,東京都中央区築地２丁目１２ー１２,35.668122809288,139.77151296933,self_propelled,2,TRUE,,,hourly,110,60,,ハイルーフ,5000,1900,2000,2000,2,,https://www.repark.jp/parking_user/time/result/detail/?park=REP0013826&st=4&pref=13
新富１丁目第２,repark-rep0012632,東京都中央区新富１丁目１２ー８,35.673097330137,139.77454304463,self_propelled,3,TRUE,,,hourly,440,15,,ハイルーフ,5000,1900,2000,2000,3,,https://www.repark.jp/parking_user/time/result/detail/?park=REP0012632&st=4&pref=13
築地３丁目第２,repark-rep0028377,東京都中央区築地３丁目１１ー４,35.667322914786,139.77265457836,self_propelled,9,TRUE,,,hourly,440,12,,ハイルーフ,5000,1900,2000,2000,9,,https://www.repark.jp/parking_user/time/result/detail/?park=REP0028377&st=4&pref=13
入船３丁目第２,repark-rep0015837,東京都中央区入船３丁目６ー１３,35.671089243121,139.77632909976,self_propelled,3,TRUE,,,hourly,440,15,,ハイルーフ,5000,1900,2000,2000,3,,https://www.repark.jp/parking_user/time/result/detail/?park=REP0015837&st=4&pref=13
銀座４丁目第４,repark-rep0020017,東京都中央区銀座４丁目１０ー６,35.670186403915,139.76729655848,self_propelled,1,TRUE,,,hourly,440,12,,ハイルーフ,5000,1900,2000,2000,1,,https://www.repark.jp/parking_user/time/result/detail/?park=REP0020017&st=4&pref=13
入船３丁目第３,repark-rep0022438,東京都中央区入船３丁目７ー１０,35.670847614581,139.77705127291,self_propelled,5,TRUE,,,hourly,330,12,,ハイルーフ,5000,1900,2000,2000,5,,https://www.repark.jp/parking_user/time/result/detail/?park=REP0022438&st=4&pref=13
八丁堀４丁目,repark-rep0009817,東京都中央区八丁堀４丁目３ー１,35.674569382294,139.77377637351,self_propelled,6,TRUE,,,hourly,330,12,,ハイルーフ,5000,1900,2000,2000,6,,https://www.repark.jp/parking_user/time/result/detail/?park=REP0009817&st=4&pref=13
築地６丁目第３,repark-rep0026175,東京都中央区築地６丁目１ー２,35.666061948607,139.77322403313,self_propelled,3,TRUE,,,hourly,440,12,,ハイルーフ,5000,1900,2000,2000,3,,https://www.repark.jp/parking_user/time/result/detail/?park=REP0026175&st=4&pref=13
芝タワー駐車場,repark-rep0003160,東京都港区芝大門１丁目１－３０,35.65942063366,139.75265382527,self_propelled,30,TRUE,,,hourly,400,20,,一般,5000,2000,2100,2000,30,,https://www.repark.jp/parking_user/time/result/detail/?park=REP0003160&st=4&pref=13
芝大門２丁目第４,repark-rep0019563,東京都港区芝大門２丁目４ー７,35.655909928444,139.75438717598,self_propelled,2,TRUE,,,hourly,440,15,,ハイルーフ,5000,1900,2000,2000,2,,https://www.repark.jp/parking_user/time/result/detail/?park=REP0019563&st=4&pref=13
芝大門２丁目第６,repark-rep0028162,東京都港区芝大門２丁目６ー７,35.654990571591,139.75380393375,self_propelled,8,TRUE,,,hourly,330,12,,ハイルーフ,5000,1900,2000,2000,8,,https://www.repark.jp/parking_user/time/result/detail/?park=REP0028162&st=4&pref=13
浜松町１丁目第３,repark-rep0006801,東京都港区浜松町１丁目２番１６号,35.65966232931,139.75583132826,self_propelled,5,TRUE,,,hourly,440,12,,ハイルーフ,5000,1900,2000,2000,5,,https://www.repark.jp/parking_user/time/result/detail/?park=REP0006801&st=4&pref=13
新橋６丁目第４,repark-rep0011356,東京都港区新橋６丁目７ー４,35.661823200011,139.75530627236,self_propelled,1,TRUE,,,hourly,440,15,,ハイルーフ,5000,1900,2000,2000,1,,https://www.repark.jp/parking_user/time/result/detail/?park=REP0011356&st=4&pref=13
芝大門２丁目第５,repark-rep0021322,東京都港区芝大門２丁目１３ー８,35.653471289465,139.7537678957,self_propelled,2,TRUE,,,hourly,400,30,,ハイルーフ,5000,1900,2000,2000,2,,https://www.repark.jp/parking_user/time/result/detail/?park=REP0021322&st=4&pref=13
ポスパーク汐留第２,repark-rep0019148,東京都港区東新橋２丁目１４,35.659976210499,139.75730619132,self_propelled,20,TRUE,,,hourly,400,10,,ハイルーフ,5000,1900,2000,2000,20,,https://www.repark.jp/parking_user/time/result/detail/?park=REP0019148&st=4&pref=13
ポスパーク汐留,repark-rep0015763,東京都港区東新橋２丁目１４,35.659976211954,139.7573895174,self_propelled,20,TRUE,,,hourly,400,10,,ハイルーフ,5000,1900,2000,2000,20,,https://www.repark.jp/parking_user/time/result/detail/?park=REP0015763&st=4&pref=13
ＮＢＦコモディオ汐留,repark-rep0017191,東京都港区東新橋２丁目１４ー１,35.660587252405,139.75709229194,self_propelled,10,TRUE,,,hourly,330,20,,ハイルーフ,5000,1900,2000,2000,10,,https://www.repark.jp/parking_user/time/result/detail/?park=REP0017191&st=4&pref=13
芝公園３丁目,repark-rep0024966,東京都港区芝公園３丁目５ー２４,35.660309303938,139.74557381734,self_propelled,4,TRUE,,,hourly,440,12,,ハイルーフ,5000,1900,2000,2000,4,,https://www.repark.jp/parking_user/time/result/detail/?park=REP0024966&st=4&pref=13
歌舞伎町１丁目第３,repark-rep0006062,東京都新宿区歌舞伎町１丁目４,35.694257716152,139.70357296426,self_propelled,12,TRUE,,,hourly,450,20,,ハイルーフ,5000,1900,2000,2000,12,,https://www.repark.jp/parking_user/time/result/detail/?park=REP0006062&st=4&pref=13
歌舞伎町２丁目第３,repark-rep0002464,東京都新宿区歌舞伎町２丁目１２－３,35.696149210915,139.70529495615,self_propelled,15,TRUE,,,hourly,330,15,,ハイルーフ,5000,1900,2000,2000,15,,https://www.repark.jp/parking_user/time/result/detail/?park=REP0002464&st=4&pref=13
歌舞伎町２丁目第１１,repark-rep0024329,東京都新宿区歌舞伎町２丁目３１ー５,35.697537916009,139.70327006037,self_propelled,8,TRUE,,,hourly,330,15,,ハイルーフ,5000,1900,2000,2000,8,,https://www.repark.jp/parking_user/time/result/detail/?park=REP0024329&st=4&pref=13
新宿５丁目第３,repark-rep0028020,東京都新宿区新宿５丁目１１ー２３,35.693032925366,139.70805042681,self_propelled,5,TRUE,,,hourly,330,20,,ハイルーフ,5000,1900,2000,2000,5,,https://www.repark.jp/parking_user/time/result/detail/?park=REP0028020&st=4&pref=13
新宿５丁目第２,repark-rep0027535,東京都新宿区新宿５丁目１０ー２０,35.692771849471,139.70846151569,self_propelled,3,TRUE,,,hourly,250,20,,ハイルーフ,5000,1900,2000,2000,3,,https://www.repark.jp/parking_user/time/result/detail/?park=REP0027535&st=4&pref=13
歌舞伎町２丁目第１０,repark-rep0009943,東京都新宿区歌舞伎町２丁目１６ー１２,35.697985138011,139.70600870134,self_propelled,25,TRUE,,,hourly,350,12,,ハイルーフ,5000,1900,2000,2000,25,,https://www.repark.jp/parking_user/time/result/detail/?park=REP0009943&st=4&pref=13
新宿２丁目第５,repark-rep0015065,東京都新宿区新宿２丁目１８ー１０,35.690899823145,139.70820051257,self_propelled,2,TRUE,,,hourly,350,15,,ハイルーフ,5000,1900,2000,2000,2,,https://www.repark.jp/parking_user/time/result/detail/?park=REP0015065&st=4&pref=13
大久保１丁目第３,repark-rep0009642,東京都新宿区大久保１丁目８ー８,35.69876002791,139.70445046207,self_propelled,14,TRUE,,,hourly,250,15,,ハイルーフ,5000,1900,2000,2000,14,,https://www.repark.jp/parking_user/time/result/detail/?park=REP0009642&st=4&pref=13
モード学園コクーンタワー駐車場,repark-rep0004392,東京都新宿区西新宿１丁目７－３,35.691841200338,139.69737359039,self_propelled,160,FALSE,,,hourly,250,30,,普通車,5300,1950,1550,2300,160,,https://www.repark.jp/parking_user/time/result/detail/?park=REP0004392&st=4&pref=13
新宿６丁目第１０,repark-rep0026156,東京都新宿区新宿６丁目２７ー２,35.69589375448,139.70943073544,self_propelled,2,TRUE,,,hourly,250,10,,ハイルーフ,5000,1900,2000,2000,2,,https://www.repark.jp/parking_user/time/result/detail/?park=REP0026156&st=4&pref=13
文京ガーデン南パーキング,repark-rep0024452,東京都文京区小石川１丁目１ー１,35.708854223334,139.75197382749,self_propelled,18,TRUE,,,hourly,400,30,,ハイルーフ,5300,1950,2000,2600,18,,https://www.repark.jp/parking_user/time/result/detail/?park=REP0024452&st=4&pref=13
本郷１丁目第３,repark-rep0027187,東京都文京区本郷１丁目３５ー１０,35.707284986402,139.75427648652,self_propelled,3,TRUE,,,hourly,330,12,,ハイルーフ,5000,1900,2000,2000,3,,https://www.repark.jp/parking_user/time/result/detail/?park=REP0027187&st=4&pref=13
ラクーア駐車場,repark-rep0025821,東京都文京区春日１丁目１ー１,35.706640604921,139.75390987963,self_propelled,168,TRUE,,,hourly,400,30,,ハイルーフ,5000,1900,2000,2000,168,,https://www.repark.jp/parking_user/time/result/detail/?park=REP0025821&st=4&pref=13
小石川２丁目第２,repark-rep0020281,東京都文京区小石川２丁目４ー１７,35.708670878961,139.75025731249,self_propelled,2,TRUE,,,hourly,300,15,,ハイルーフ,5000,1900,2000,2000,2,,https://www.repark.jp/parking_user/time/result/detail/?park=REP0020281&st=4&pref=13
東京ドームバイク駐車場,repark-rep0025822,東京都文京区後楽１丁目３ー１７,35.705790686418,139.75337107552,self_propelled,19,TRUE,,,hourly,200,60,,ハイルーフ,2400,1000,2000,2000,19,,https://www.repark.jp/parking_user/time/result/detail/?park=REP0025822&st=4&pref=13
東京ドーム駐車場,repark-rep0025818,東京都文京区後楽１丁目３ー１７東京ドーム,35.70579902168,139.75355161514,self_propelled,350,FALSE,,,hourly,400,30,,ハイルーフ,5000,1900,2000,2000,350,,https://www.repark.jp/parking_user/time/result/detail/?park=REP0025818&st=4&pref=13
本郷４丁目第３,repark-rep0013124,東京都文京区本郷４丁目１２ー９,35.708851511266,139.75573184952,self_propelled,4,TRUE,,,hourly,440,20,,ハイルーフ,5000,1900,2000,2000,4,,https://www.repark.jp/parking_user/time/result/detail/?park=REP0013124&st=4&pref=13
文京ガーデン北パーキング,repark-rep0025024,東京都文京区小石川１丁目５－１,35.710717925526,139.75274867732,self_propelled,15,TRUE,,,hourly,400,30,,普通車,5300,1950,1550,2300,15,,https://www.repark.jp/parking_user/time/result/detail/?park=REP0025024&st=4&pref=13
西片１丁目第３,repark-rep0028372,東京都文京区西片１丁目２ー９,35.711392875261,139.75400409798,self_propelled,1,TRUE,,,hourly,330,12,,ハイルーフ,5000,1900,2000,2000,1,,https://www.repark.jp/parking_user/time/result/detail/?park=REP0028372&st=4&pref=13
西片１丁目第２,repark-rep0028314,東京都文京区西片１丁目２ー９,35.71141232085,139.7541568624,self_propelled,3,TRUE,,,hourly,330,12,,ハイルーフ,5000,1900,2000,2000,3,,https://www.repark.jp/parking_user/time/result/detail/?park=REP0028314&st=4&pref=13
東上野３丁目第５,repark-rep0012561,東京都台東区東上野３丁目３６ー５,35.71134889003,139.77999916314,self_propelled,7,TRUE,,,hourly,300,15,,ハイルーフ,5000,1900,2000,2000,7,,https://www.repark.jp/parking_user/time/result/detail/?park=REP0012561&st=4&pref=13
東上野４丁目第２,repark-rep0027247,東京都台東区東上野４丁目２５ー３３,35.714309695691,139.78064897284,self_propelled,4,TRUE,,,hourly,330,20,,ハイルーフ,5000,1900,2000,2000,4,,https://www.repark.jp/parking_user/time/result/detail/?park=REP0027247&st=4&pref=13
上野７丁目第２,repark-rep0022263,東京都台東区上野７丁目７ー１３,35.71346252263,139.77826309899,self_propelled,4,TRUE,,,hourly,440,12,,ハイルーフ,5000,1900,2000,2000,4,,https://www.repark.jp/parking_user/time/result/detail/?park=REP0022263&st=4&pref=13
上野７丁目第３,repark-rep0023609,東京都台東区上野７丁目７ー１２,35.713715277282,139.77847418082,self_propelled,3,TRUE,,,hourly,440,12,,ハイルーフ,5000,1900,2000,2000,3,,https://www.repark.jp/parking_user/time/result/detail/?park=REP0023609&st=4&pref=13
東上野５丁目第３,repark-rep0011664,東京都台東区東上野５丁目５ー１５,35.712801555103,139.78242945042,self_propelled,22,TRUE,,,hourly,300,20,,ハイルーフ,5000,1900,2000,2000,22,,https://www.repark.jp/parking_user/time/result/detail/?park=REP0011664&st=4&pref=13
東上野３丁目第１０,repark-rep0026158,東京都台東区東上野３丁目２０ー１,35.711446072526,139.77833263007,self_propelled,11,TRUE,,,hourly,,,,ハイルーフ,5000,1900,2000,2000,11,,https://www.repark.jp/parking_user/time/result/detail/?park=REP0026158&st=4&pref=13
東上野３丁目第４,repark-rep0011662,東京都台東区東上野３丁目２０,35.711418297545,139.77833540912,self_propelled,13,TRUE,,,hourly,330,20,,ハイルーフ,5000,1900,2000,2000,13,,https://www.repark.jp/parking_user/time/result/detail/?park=REP0011662&st=4&pref=13
上野駅前,repark-rep0028810,東京都台東区東上野３丁目１５‐９,35.710968351979,139.77869651085,self_propelled,2,TRUE,,,hourly,250,12,,ハイルーフ,5000,1900,2000,2000,2,,https://www.repark.jp/parking_user/time/result/detail/?park=REP0028810&st=4&pref=13
東上野３丁目,repark-rep0004582,東京都台東区東上野３丁目３３－２,35.710904536835,139.78247675584,self_propelled,7,TRUE,,,hourly,330,20,,ハイルーフ,5000,1900,2000,2000,7,,https://www.repark.jp/parking_user/time/result/detail/?park=REP0004582&st=4&pref=13
東上野６丁目第２,repark-rep0028067,東京都台東区東上野６丁目１０ー４（ＬａＳａｎｔｅ上野）,35.712862677904,139.78347936041,self_propelled,2,TRUE,,,hourly,300,20,,ハイルーフ,5000,1900,2000,2000,2,,https://www.repark.jp/parking_user/time/result/detail/?park=REP0028067&st=4&pref=13
吾妻橋１丁目,repark-rep0027873,東京都墨田区吾妻橋１丁目１６ー１０,35.70903282425,139.8002364781,self_propelled,7,TRUE,,,hourly,220,30,,ハイルーフ,5000,1900,2000,2000,7,,https://www.repark.jp/parking_user/time/result/detail/?park=REP0027873&st=4&pref=13
吾妻橋２丁目第６,repark-rep0023907,東京都墨田区吾妻橋２丁目６ー７,35.709349521271,139.80389449272,self_propelled,2,TRUE,,,hourly,330,30,,ハイルーフ,5000,1900,2000,2000,2,,https://www.repark.jp/parking_user/time/result/detail/?park=REP0023907&st=4&pref=13
東駒形３丁目第２,repark-rep0028721,東京都墨田区東駒形３丁目２０‐１水口ビル２階,35.707808018764,139.80387234354,self_propelled,6,TRUE,,,hourly,220,20,,ハイルーフ,5000,1900,2000,2000,6,,https://www.repark.jp/parking_user/time/result/detail/?park=REP0028721&st=4&pref=13
東駒形２丁目,repark-rep0007038,東京都墨田区東駒形２丁目１８－２,35.70729969584,139.80133646655,self_propelled,2,TRUE,,,hourly,220,30,,ハイルーフ,5000,1900,2000,2000,2,,https://www.repark.jp/parking_user/time/result/detail/?park=REP0007038&st=4&pref=13
吾妻橋３丁目,repark-rep0006463,東京都墨田区吾妻橋３丁目２番３号,35.708513534136,139.80586659043,self_propelled,2,TRUE,,,hourly,220,15,,ハイルーフ,5000,1900,2000,2000,2,,https://www.repark.jp/parking_user/time/result/detail/?park=REP0006463&st=4&pref=13
東駒形３丁目,repark-rep0007895,東京都墨田区東駒形３丁目１６ー１０,35.706835900501,139.80385850045,self_propelled,5,TRUE,,,hourly,220,20,,ハイルーフ,5000,1900,2000,2000,5,,https://www.repark.jp/parking_user/time/result/detail/?park=REP0007895&st=4&pref=13
東駒形４丁目第２,repark-rep0006935,東京都墨田区東駒形４丁目１９番４号,35.707088674461,139.80517504648,self_propelled,3,TRUE,,,hourly,220,20,,ハイルーフ,5000,1900,2000,2000,3,,https://www.repark.jp/parking_user/time/result/detail/?park=REP0006935&st=4&pref=13
東駒形４丁目第３,repark-rep0021841,東京都墨田区東駒形４丁目１０ー５,35.706419318522,139.80617499425,self_propelled,5,TRUE,,,hourly,220,20,,ハイルーフ,5000,1900,2000,2000,5,,https://www.repark.jp/parking_user/time/result/detail/?park=REP0021841&st=4&pref=13
向島３丁目第５,repark-rep0011797,東京都墨田区向島３丁目１０ー３,35.71370190418,139.80792729139,self_propelled,5,TRUE,,,hourly,330,15,,ハイルーフ,5000,1900,2000,2000,5,,https://www.repark.jp/parking_user/time/result/detail/?park=REP0011797&st=4&pref=13
本所２丁目第３,repark-rep0014085,東京都墨田区本所２丁目２０ー３,35.704844414056,139.80200041347,self_propelled,7,TRUE,,,hourly,220,20,,ハイルーフ,5000,1900,2000,2000,7,,https://www.repark.jp/parking_user/time/result/detail/?park=REP0014085&st=4&pref=13
ＪＭＦビル東陽町０１駐車場,repark-rep0027189,東京都江東区東陽４丁目１１ー３８ＪＭＦビル東陽町０１,35.673986866679,139.81706169453,self_propelled,12,TRUE,,,hourly,300,30,,ハイルーフ,5000,1900,2000,2000,12,,https://www.repark.jp/parking_user/time/result/detail/?park=REP0027189&st=4&pref=13
江東東陽５丁目第２,repark-rep0005394,東京都江東区東陽５丁目３１－５,35.672556427808,139.8149508247,self_propelled,3,TRUE,,,hourly,220,20,,ハイルーフ,5000,1900,2000,2000,3,,https://www.repark.jp/parking_user/time/result/detail/?park=REP0005394&st=4&pref=13
江東東陽４丁目,repark-rep0019259,東京都江東区東陽４丁目６ー７トーカンマンション東陽町（敷地内平面）,35.670692819213,139.81959219206,self_propelled,2,TRUE,,,hourly,220,10,,ハイルーフ,5000,1900,2000,2000,2,,https://www.repark.jp/parking_user/time/result/detail/?park=REP0019259&st=4&pref=13
江東東陽２丁目第４,repark-rep0014945,東京都江東区東陽２丁目５ー１８,35.669045712163,139.816087003,self_propelled,1,TRUE,,,hourly,220,12,,ハイルーフ,5000,1900,2000,2000,1,,https://www.repark.jp/parking_user/time/result/detail/?park=REP0014945&st=4&pref=13
江東東陽６丁目,repark-rep0026930,東京都江東区東陽６丁目５ー５,35.675811625798,139.81444516081,self_propelled,3,TRUE,,,hourly,220,20,,ハイルーフ,5000,1900,2000,2000,3,,https://www.repark.jp/parking_user/time/result/detail/?park=REP0026930&st=4&pref=13
新砂１丁目,repark-rep0008268,東京都江東区新砂１丁目１－１９,35.669115212188,139.81972003108,self_propelled,19,TRUE,,,hourly,300,15,,ハイルーフ,5000,1900,2000,2000,19,,https://www.repark.jp/parking_user/time/result/detail/?park=REP0008268&st=4&pref=13
江東東陽３丁目第３,repark-rep0007619,東京都江東区東陽３丁目２６ー２８,35.670320525204,139.8131899629,self_propelled,15,TRUE,,,hourly,220,20,,ハイルーフ,5000,1900,2000,2000,15,,https://www.repark.jp/parking_user/time/result/detail/?park=REP0007619&st=4&pref=13
南砂２丁目第２,repark-rep0006322,東京都江東区南砂２丁目２９－６,35.675756194524,139.82118904829,self_propelled,4,TRUE,,,hourly,220,25,,ハイルーフ,5000,1900,2000,2000,4,,https://www.repark.jp/parking_user/time/result/detail/?park=REP0006322&st=4&pref=13
江東千石１丁目第２,repark-rep0024095,東京都江東区千石１丁目６,35.676464327725,139.81408682751,self_propelled,11,TRUE,,,hourly,110,20,,ハイルーフ,5000,1900,2000,2000,11,,https://www.repark.jp/parking_user/time/result/detail/?park=REP0024095&st=4&pref=13
江東東陽５丁目第６,repark-rep0014983,東京都江東区東陽５丁目８ー１０,35.672503591321,139.81127891009,self_propelled,6,TRUE,,,hourly,330,30,,ハイルーフ,5000,1900,2000,2000,6,,https://www.repark.jp/parking_user/time/result/detail/?park=REP0014983&st=4&pref=13
西品川１丁目,repark-rep0025699,東京都品川区西品川１丁目８ー２３,35.612436377472,139.73017452263,self_propelled,1,TRUE,,,hourly,330,30,,ハイルーフ,5000,1900,2000,2000,1,,https://www.repark.jp/parking_user/time/result/detail/?park=REP0025699&st=4&pref=13
大井２丁目第７,repark-rep0018115,東京都品川区大井２丁目１ー２８,35.606792525037,139.72953872432,self_propelled,10,TRUE,,,hourly,300,15,,ハイルーフ,5000,1900,2000,2000,10,,https://www.repark.jp/parking_user/time/result/detail/?park=REP0018115&st=4&pref=13
品川二葉１丁目,repark-rep0026746,東京都品川区二葉１丁目２１ー１４,35.606359223731,139.72869992493,self_propelled,3,TRUE,,,hourly,220,15,,ハイルーフ,5000,1900,2000,2000,3,,https://www.repark.jp/parking_user/time/result/detail/?park=REP0026746&st=4&pref=13
大井２丁目第８,repark-rep0028774,東京都品川区大井２丁目１０‐７,35.605687100889,139.73026093724,self_propelled,8,TRUE,,,hourly,330,15,,ハイルーフ,5000,1900,2000,2000,8,,https://www.repark.jp/parking_user/time/result/detail/?park=REP0028774&st=4&pref=13
大井２丁目第６,repark-rep0009761,東京都品川区大井２丁目２ー５,35.605573185115,139.72803057171,self_propelled,4,TRUE,,,hourly,220,15,,ハイルーフ,5000,1900,2000,2000,4,,https://www.repark.jp/parking_user/time/result/detail/?park=REP0009761&st=4&pref=13
西品川２丁目第２,repark-rep0007774,東京都品川区西品川２丁目１０ー２,35.613733376422,139.72534708582,self_propelled,2,TRUE,,,hourly,220,15,,ハイルーフ,5000,1900,2000,2000,2,,https://www.repark.jp/parking_user/time/result/detail/?park=REP0007774&st=4&pref=13
西品川２丁目第３,repark-rep0011411,東京都品川区西品川２丁目７ー１６,35.613816699006,139.72526097814,self_propelled,3,TRUE,,,hourly,220,15,,ハイルーフ,5000,1900,2000,2000,3,,https://www.repark.jp/parking_user/time/result/detail/?park=REP0011411&st=4&pref=13
大井１丁目第２,repark-rep0018423,東京都品川区大井１丁目４１ー１１,35.60401230186,139.73151091055,self_propelled,2,TRUE,,,hourly,220,15,,ハイルーフ,5000,1900,2000,2000,2,,https://www.repark.jp/parking_user/time/result/detail/?park=REP0018423&st=4&pref=13
豊町３丁目,repark-rep0025248,東京都品川区豊町３丁目１０ー１２,35.607181263586,139.72330589005,self_propelled,6,TRUE,,,hourly,220,30,,ハイルーフ,5000,1900,2000,2000,6,,https://www.repark.jp/parking_user/time/result/detail/?park=REP0025248&st=4&pref=13
南品川６丁目第２,repark-rep0027502,東京都品川区南品川６丁目１９ー３,35.608259167515,139.73711580451,self_propelled,6,TRUE,,,hourly,330,12,,ハイルーフ,5000,1900,2000,2000,6,,https://www.repark.jp/parking_user/time/result/detail/?park=REP0027502&st=4&pref=13
上目黒２丁目第７,repark-rep0013239,東京都目黒区上目黒２丁目２３,35.64088275853,139.69718150781,self_propelled,10,TRUE,,,hourly,300,15,,ハイルーフ,5000,1900,2000,2000,10,,https://www.repark.jp/parking_user/time/result/detail/?park=REP0013239&st=4&pref=13
上目黒２丁目第６,repark-rep0012102,東京都目黒区上目黒２丁目２０－５,35.640166182634,139.69800925006,self_propelled,9,TRUE,,,hourly,300,15,,ハイルーフ,5000,1900,2000,2000,9,,https://www.repark.jp/parking_user/time/result/detail/?park=REP0012102&st=4&pref=13
上目黒２丁目第８,repark-rep0018558,東京都目黒区上目黒２丁目８ー１１,35.642671498655,139.69961177961,self_propelled,5,TRUE,,,hourly,440,15,,ハイルーフ,5000,1900,2000,2000,5,,https://www.repark.jp/parking_user/time/result/detail/?park=REP0018558&st=4&pref=13
中目黒ＧＴ駐車場,repark-rep0002274,東京都目黒区上目黒２丁目１－１,35.643371402155,139.69837296127,self_propelled,66,FALSE,,,hourly,500,30,,普通車,5000,1850,1550,1700,66,,https://www.repark.jp/parking_user/time/result/detail/?park=REP0002274&st=4&pref=13
上目黒２丁目第２,repark-rep0002762,東京都目黒区上目黒２丁目４１,35.640579974103,139.69495948429,self_propelled,7,TRUE,,,hourly,330,20,,ハイルーフ,5000,1900,2000,2000,7,,https://www.repark.jp/parking_user/time/result/detail/?park=REP0002762&st=4&pref=13
上目黒３丁目第７,repark-rep0028373,東京都目黒区上目黒３丁目１４ー２３,35.644760099632,139.6959119907,self_propelled,4,TRUE,,,hourly,220,20,,ハイルーフ,5000,1900,2000,2000,4,,https://www.repark.jp/parking_user/time/result/detail/?park=REP0028373&st=4&pref=13
中目黒３丁目第４,repark-rep0026633,東京都目黒区中目黒３丁目１６ー１６,35.638166442377,139.70063412415,self_propelled,1,TRUE,,,hourly,330,15,,ハイルーフ,5000,1900,2000,2000,1,,https://www.repark.jp/parking_user/time/result/detail/?park=REP0026633&st=4&pref=13
中目黒１丁目第３,repark-rep0019184,東京都目黒区中目黒１丁目１ー４２,35.643652010297,139.70313366397,self_propelled,2,TRUE,,,hourly,220,12,,ハイルーフ,5000,1900,2000,2000,2,,https://www.repark.jp/parking_user/time/result/detail/?park=REP0019184&st=4&pref=13
中目黒５丁目,repark-rep0014881,東京都目黒区中目黒５丁目２４ー１７,35.635494453585,139.69762338622,self_propelled,2,TRUE,,,hourly,220,15,,ハイルーフ,5000,1900,2000,2000,2,,https://www.repark.jp/parking_user/time/result/detail/?park=REP0014881&st=4&pref=13
目黒中町２丁目第２,repark-rep0005228,東京都目黒区中町２丁目１０－２,35.635066699069,139.6963485118,self_propelled,3,TRUE,,,hourly,220,15,,ハイルーフ,5000,1900,2000,2000,3,,https://www.repark.jp/parking_user/time/result/detail/?park=REP0005228&st=4&pref=13
蒲田５丁目第７,repark-rep0003870,東京都大田区蒲田５丁目８－１２,35.563013681396,139.71847499202,self_propelled,8,TRUE,,,hourly,110,25,,ハイルーフ,5000,1900,2000,2000,8,,https://www.repark.jp/parking_user/time/result/detail/?park=REP0003870&st=4&pref=13
ロイヤルハイツ蒲田駐車場,repark-rep0009285,東京都大田区蒲田５丁目４３ー７ロイヤルハイツ蒲田,35.560466707954,139.71710855578,self_propelled,3,TRUE,,,hourly,220,30,,ハイルーフ,5000,1900,2000,2000,3,,https://www.repark.jp/parking_user/time/result/detail/?park=REP0009285&st=4&pref=13
蒲田５丁目第３,repark-rep0000516,東京都大田区蒲田５丁目４－７,35.563738593621,139.71788889632,self_propelled,7,TRUE,,,hourly,330,25,,ハイルーフ,5000,1900,2000,2000,7,,https://www.repark.jp/parking_user/time/result/detail/?park=REP0000516&st=4&pref=13
蒲田５丁目第９,repark-rep0006550,東京都大田区蒲田５丁目５－２,35.564005239426,139.71830829321,self_propelled,6,TRUE,,,hourly,330,25,,ハイルーフ,5000,1900,2000,2000,6,,https://www.repark.jp/parking_user/time/result/detail/?park=REP0006550&st=4&pref=13
蒲田５丁目第８,repark-rep0004291,東京都大田区蒲田５丁目３,35.564321858316,139.7175500086,self_propelled,16,TRUE,,,hourly,330,25,,ハイルーフ,5000,1900,2000,2000,16,,https://www.repark.jp/parking_user/time/result/detail/?park=REP0004291&st=4&pref=13
蒲田４丁目第９,repark-rep0014778,東京都大田区蒲田４丁目３１,35.560419534519,139.71960001804,self_propelled,5,TRUE,,,hourly,330,15,,ハイルーフ,5000,1900,2000,2000,5,,https://www.repark.jp/parking_user/time/result/detail/?park=REP0014778&st=4&pref=13
蒲田４丁目第７,repark-rep0014784,東京都大田区蒲田４丁目３２,35.560358430267,139.71966945909,self_propelled,3,TRUE,,,hourly,330,20,,ハイルーフ,5000,1900,2000,2000,3,,https://www.repark.jp/parking_user/time/result/detail/?park=REP0014784&st=4&pref=13
蒲田４丁目第６,repark-rep0014786,東京都大田区蒲田４丁目３２,35.560172345187,139.72001388405,self_propelled,4,TRUE,,,hourly,330,20,,ハイルーフ,5000,1900,2000,2000,4,,https://www.repark.jp/parking_user/time/result/detail/?park=REP0014786&st=4&pref=13
西蒲田７丁目,repark-rep0024978,東京都大田区西蒲田７丁目８ー８,35.56386906231,139.71368923909,self_propelled,7,TRUE,,,hourly,330,20,,ハイルーフ,5000,1900,2000,2000,7,,https://www.repark.jp/parking_user/time/result/detail/?park=REP0024978&st=4&pref=13
新蒲田１丁目,repark-rep0026036,東京都大田区新蒲田１丁目２ー１１,35.559252891342,139.71381999579,self_propelled,7,TRUE,,,hourly,200,30,,ハイルーフ,5000,1900,2000,2000,7,,https://www.repark.jp/parking_user/time/result/detail/?park=REP0026036&st=4&pref=13
世田谷４丁目第３,repark-rep0012601,東京都世田谷区世田谷４丁目２５,35.647736784989,139.65164330811,self_propelled,2,TRUE,,,hourly,220,15,,ハイルーフ,5000,1900,2000,2000,2,,https://www.repark.jp/parking_user/time/result/detail/?park=REP0012601&st=4&pref=13
世田谷４丁目第４,repark-rep0025604,東京都世田谷区世田谷４丁目１７ー９,35.645911968966,139.65100177841,self_propelled,4,TRUE,,,hourly,330,15,,ハイルーフ,5000,1900,2000,2000,4,,https://www.repark.jp/parking_user/time/result/detail/?park=REP0025604&st=4&pref=13
世田谷４丁目第５,repark-rep0025605,東京都世田谷区世田谷４丁目１７ー９,35.645823088794,139.65096289674,self_propelled,2,TRUE,,,hourly,330,15,,ハイルーフ,5000,1900,2000,2000,2,,https://www.repark.jp/parking_user/time/result/detail/?park=REP0025605&st=4&pref=13
若林５丁目第２,repark-rep0004958,東京都世田谷区若林５丁目２３番１号,35.649500536908,139.6545957587,self_propelled,5,TRUE,,,hourly,330,20,,ハイルーフ,5000,1900,2000,2000,5,,https://www.repark.jp/parking_user/time/result/detail/?park=REP0004958&st=4&pref=13
若林５丁目,repark-rep0003813,東京都世田谷区若林５丁目２３,35.649803279809,139.65444020267,self_propelled,5,TRUE,,,hourly,330,20,,ハイルーフ,5000,1900,2000,2000,5,,https://www.repark.jp/parking_user/time/result/detail/?park=REP0003813&st=4&pref=13
梅丘２丁目第６,repark-rep0027604,東京都世田谷区梅丘２丁目７ー４,35.649639351482,139.65118492457,self_propelled,4,TRUE,,,hourly,220,15,,ハイルーフ,5000,1900,2000,2000,4,,https://www.repark.jp/parking_user/time/result/detail/?park=REP0027604&st=4&pref=13
梅丘２丁目第３,repark-rep0012802,東京都世田谷区梅丘２丁目１３ー２９,35.650222679241,139.65445684898,self_propelled,3,TRUE,,,hourly,330,20,,ハイルーフ,5000,1900,2000,2000,3,,https://www.repark.jp/parking_user/time/result/detail/?park=REP0012802&st=4&pref=13
梅丘２丁目第４,repark-rep0020583,東京都世田谷区梅丘２丁目７ー１６,35.649980982281,139.65120435223,self_propelled,1,TRUE,,,hourly,220,15,,ハイルーフ,5000,1900,2000,2000,1,,https://www.repark.jp/parking_user/time/result/detail/?park=REP0020583&st=4&pref=13
梅丘２丁目第５,repark-rep0024136,東京都世田谷区梅丘２丁目２０－２２,35.650117079063,139.65122378834,self_propelled,3,TRUE,,,hourly,220,15,,ハイルーフ,5000,1900,2000,2000,3,,https://www.repark.jp/parking_user/time/result/detail/?park=REP0024136&st=4&pref=13
世田谷４丁目,repark-rep0004934,東京都世田谷区世田谷４丁目６,35.642923434362,139.65299063985,self_propelled,5,TRUE,,,hourly,200,20,,ハイルーフ,5000,1900,2000,2000,5,,https://www.repark.jp/parking_user/time/result/detail/?park=REP0004934&st=4&pref=13
渋谷１丁目第１１,repark-rep0027867,東京都渋谷区渋谷１丁目２０ー５,35.66343047381,139.70445208874,self_propelled,3,TRUE,,,hourly,360,10,,ハイルーフ,5000,1900,2000,2000,3,,https://www.repark.jp/parking_user/time/result/detail/?park=REP0027867&st=4&pref=13
宮下公園南バイク駐車場,repark-rep0024656,東京都渋谷区渋谷１丁目２６ー５,35.661850040522,139.7017996038,self_propelled,21,TRUE,,,hourly,100,60,,ハイルーフ,5000,1900,2000,2000,21,,https://www.repark.jp/parking_user/time/result/detail/?park=REP0024656&st=4&pref=13
宮下公園北駐車場,repark-rep0024655,東京都が発行する愛の手帳・道府県が発行する療育手帳・精神保健および精神障害者福祉に関する法律に規定する精神障害者保健福祉手帳東京都渋谷区神宮前６丁目２０ー１０,35.662086125979,139.70178292732,self_propelled,278,TRUE,,,hourly,350,30,,一般,5300,2050,2100,2500,278,,https://www.repark.jp/parking_user/time/result/detail/?park=REP0024655&st=4&pref=13
宮下公園北バイク駐車場,repark-rep0024658,東京都渋谷区神宮前６丁目２０ー１０,35.66206946147,139.70176626247,self_propelled,78,TRUE,,,hourly,100,60,,ハイルーフ,5000,1900,2000,2000,78,,https://www.repark.jp/parking_user/time/result/detail/?park=REP0024658&st=4&pref=13
宮下公園南駐車場,repark-rep0024657,東京都が発行する愛の手帳・道府県が発行する療育手帳・精神保健および精神障害者福祉に関する法律に規定する精神障害者保健福祉手帳東京都渋谷区渋谷１丁目２６ー５,35.661913921476,139.70173016163,self_propelled,89,TRUE,,,hourly,350,30,,一般,5300,1950,2100,2300,89,,https://www.repark.jp/parking_user/time/result/detail/?park=REP0024657&st=4&pref=13
神宮前５丁目第９,repark-rep0014966,東京都渋谷区神宮前５丁目３９ー１２,35.664188763059,139.70659076421,self_propelled,11,TRUE,,,hourly,330,10,,ハイルーフ,5000,1900,2000,2000,11,,https://www.repark.jp/parking_user/time/result/detail/?park=REP0014966&st=4&pref=13
渋谷２丁目第３,repark-rep0024861,東京都渋谷区渋谷２丁目１０ー８,35.660094764528,139.70702425073,self_propelled,5,TRUE,,,hourly,420,15,,ハイルーフ,5000,1900,2000,2000,5,,https://www.repark.jp/parking_user/time/result/detail/?park=REP0024861&st=4&pref=13
神宮前５丁目第１２,repark-rep0015287,東京都渋谷区神宮前５丁目４４ー７,35.663963801337,139.70740459598,self_propelled,6,TRUE,,,hourly,440,12,,ハイルーフ,5000,1900,2000,2000,6,,https://www.repark.jp/parking_user/time/result/detail/?park=REP0015287&st=4&pref=13
渋谷区役所前駐車場,repark-rep0004267,,35.6637025737,139.69912751842,self_propelled,640,TRUE,,,hourly,350,30,,一般,6000,2300,2100,4000,640,,https://www.repark.jp/parking_user/time/result/detail/?park=REP0004267&st=4&pref=13
コスモス青山駐車場,repark-rep0026065,東京都渋谷区神宮前５丁目５３ー６７,35.66229456305,139.70896009966,self_propelled,41,FALSE,,,hourly,300,15,,ハイルーフ,5000,1900,2000,2000,41,,https://www.repark.jp/parking_user/time/result/detail/?park=REP0026065&st=4&pref=13
中野４丁目,repark-rep0010414,東京都中野区中野４丁目６ー２,35.70849161094,139.66385616228,self_propelled,7,TRUE,,,hourly,250,10,,ハイルーフ,5000,1900,2000,2000,7,,https://www.repark.jp/parking_user/time/result/detail/?park=REP0010414&st=4&pref=13
中野３丁目第４,repark-rep0014606,東京都中野区中野３丁目４６,35.705033626852,139.66265642115,self_propelled,3,TRUE,,,hourly,220,15,,ハイルーフ,5000,1900,2000,2000,3,,https://www.repark.jp/parking_user/time/result/detail/?park=REP0014606&st=4&pref=13
中野５丁目第５,repark-rep0011811,東京都中野区中野５丁目４７ー４,35.708491665127,139.66695868262,self_propelled,4,TRUE,,,hourly,330,25,,ハイルーフ,5000,1900,2000,2000,4,,https://www.repark.jp/parking_user/time/result/detail/?park=REP0011811&st=4&pref=13
中野３丁目第６,repark-rep0017381,東京都中野区中野３丁目４４ー１４,35.704894738686,139.66185371721,self_propelled,5,TRUE,,,hourly,220,15,,ハイルーフ,5000,1900,2000,2000,5,,https://www.repark.jp/parking_user/time/result/detail/?park=REP0017381&st=4&pref=13
中野新井１丁目第４,repark-rep0025467,東京都中野区新井１丁目８ー１,35.710216473167,139.66653086072,self_propelled,4,TRUE,,,hourly,150,10,,ハイルーフ,5000,1900,2000,2000,4,,https://www.repark.jp/parking_user/time/result/detail/?park=REP0025467&st=4&pref=13
中野５丁目第６,repark-rep0028537,東京都中野区中野５丁目１７ー７,35.70705853597,139.66985295324,self_propelled,3,TRUE,,,hourly,220,15,,ハイルーフ,5000,1900,2000,2000,3,,https://www.repark.jp/parking_user/time/result/detail/?park=REP0028537&st=4&pref=13
中野３丁目第２,repark-rep0009418,東京都中野区中野３丁目１５ー１０,35.702719967615,139.66164272287,self_propelled,5,TRUE,,,hourly,110,10,,ハイルーフ,5000,1900,2000,2000,5,,https://www.repark.jp/parking_user/time/result/detail/?park=REP0009418&st=4&pref=13
中野新井２丁目第２,repark-rep0012495,東京都中野区新井２丁目１９ー２,35.712713389795,139.6642809326,self_propelled,4,TRUE,,,hourly,220,15,,ハイルーフ,5000,1900,2000,2000,4,,https://www.repark.jp/parking_user/time/result/detail/?park=REP0012495&st=4&pref=13
中野新井１丁目第２,repark-rep0014471,東京都中野区新井１丁目２９ー１,35.712130172467,139.66738903533,self_propelled,2,TRUE,,,hourly,220,10,,ハイルーフ,5000,1900,2000,2000,2,,https://www.repark.jp/parking_user/time/result/detail/?park=REP0014471&st=4&pref=13
中野中央５丁目第６,repark-rep0028036,東京都中野区中央５丁目４９ー１０,35.702183985409,139.66573407477,self_propelled,6,TRUE,,,hourly,220,15,,ハイルーフ,5000,1900,2000,2000,6,,https://www.repark.jp/parking_user/time/result/detail/?park=REP0028036&st=4&pref=13
阿佐谷南１丁目第５,repark-rep0018641,東京都杉並区阿佐谷南１丁目１７,35.700930825963,139.63622269436,self_propelled,16,TRUE,,,hourly,330,20,,ハイルーフ,5000,1900,2000,2000,16,,https://www.repark.jp/parking_user/time/result/detail/?park=REP0018641&st=4&pref=13
杉並成田東５丁目第３,repark-rep0023154,東京都杉並区成田東５丁目３４ー２４,35.700308612636,139.63290910921,self_propelled,3,TRUE,,,hourly,220,15,,ハイルーフ,5000,1900,2000,2000,3,,https://www.repark.jp/parking_user/time/result/detail/?park=REP0023154&st=4&pref=13
杉並成田東４丁目,repark-rep0002678,東京都杉並区成田東４丁目１４,35.697006238563,139.6358117982,self_propelled,6,TRUE,,,hourly,220,15,,ハイルーフ,5000,1900,2000,2000,6,,https://www.repark.jp/parking_user/time/result/detail/?park=REP0002678&st=4&pref=13
阿佐谷南３丁目第１０,repark-rep0026680,東京都杉並区阿佐谷南３丁目５ー１４,35.701764026111,139.63366175768,self_propelled,5,TRUE,,,hourly,220,15,,ハイルーフ,5000,1900,2000,2000,5,,https://www.repark.jp/parking_user/time/result/detail/?park=REP0026680&st=4&pref=13
阿佐谷南３丁目第７,repark-rep0012736,東京都杉並区阿佐谷南３丁目２３ー２,35.701869562982,139.63327011835,self_propelled,2,TRUE,,,hourly,220,15,,ハイルーフ,5000,1900,2000,2000,2,,https://www.repark.jp/parking_user/time/result/detail/?park=REP0012736&st=4&pref=13
杉並成田東５丁目第２,repark-rep0020645,東京都杉並区成田東５丁目３３－１５,35.700200271867,139.63180087323,self_propelled,4,TRUE,,,hourly,220,20,,ハイルーフ,5000,1900,2000,2000,4,,https://www.repark.jp/parking_user/time/result/detail/?park=REP0020645&st=4&pref=13
阿佐谷南１丁目第３,repark-rep0015327,東京都杉並区阿佐谷南１丁目４１ー４,35.701639137375,139.63926685393,self_propelled,5,TRUE,,,hourly,330,20,,ハイルーフ,5000,1900,2000,2000,5,,https://www.repark.jp/parking_user/time/result/detail/?park=REP0015327&st=4&pref=13
杉並成田東４丁目第４,repark-rep0022710,東京都杉並区成田東４丁目１ー４８,35.695698032488,139.63506747626,self_propelled,9,TRUE,,,hourly,220,20,,ハイルーフ,5000,1900,2000,2000,9,,https://www.repark.jp/parking_user/time/result/detail/?park=REP0022710&st=4&pref=13
杉並成田東４丁目第５,repark-rep0025613,東京都杉並区成田東４丁目２１ー１９,35.695262005095,139.63718398656,self_propelled,8,TRUE,,,hourly,220,20,,ハイルーフ,5000,1900,2000,2000,8,,https://www.repark.jp/parking_user/time/result/detail/?park=REP0025613&st=4&pref=13
阿佐谷南３丁目第８,repark-rep0021145,東京都杉並区阿佐谷南３丁目３７,35.704222114433,139.63470600277,self_propelled,5,TRUE,,,hourly,330,10,,ハイルーフ,5000,1900,2000,2000,5,,https://www.repark.jp/parking_user/time/result/detail/?park=REP0021145&st=4&pref=13
南池袋２丁目第９,repark-rep0025666,東京都豊島区南池袋２丁目３５ー８,35.725771224002,139.71568439632,self_propelled,13,TRUE,,,hourly,330,20,,ハイルーフ,5000,1900,2000,2000,13,,https://www.repark.jp/parking_user/time/result/detail/?park=REP0025666&st=4&pref=13
南池袋４丁目,repark-rep0009988,東京都豊島区南池袋４丁目１２ー４,35.724310322581,139.71873698708,self_propelled,5,TRUE,,,hourly,110,10,,ハイルーフ,5000,1900,2000,2000,5,,https://www.repark.jp/parking_user/time/result/detail/?park=REP0009988&st=4&pref=13
南池袋３丁目第２,repark-rep0013358,東京都豊島区南池袋３丁目１６ー１３,35.725607313381,139.71344292302,self_propelled,18,TRUE,,,hourly,440,20,,ハイルーフ,5000,1900,2000,2000,18,,https://www.repark.jp/parking_user/time/result/detail/?park=REP0013358&st=4&pref=13
東池袋１丁目第１３,repark-rep0028984,東京都豊島区東池袋１丁目２８‐１,35.729523617524,139.71665080928,self_propelled,3,TRUE,,,hourly,440,12,,ハイルーフ,5000,1900,2000,2000,3,,https://www.repark.jp/parking_user/time/result/detail/?park=REP0028984&st=4&pref=13
東池袋４丁目第６,repark-rep0028047,東京都豊島区東池袋４丁目３０ー９,35.727040629548,139.72125609715,self_propelled,11,TRUE,,,hourly,330,15,,ハイルーフ,5000,1900,2000,2000,11,,https://www.repark.jp/parking_user/time/result/detail/?park=REP0028047&st=4&pref=13
雑司が谷３丁目,repark-rep0011611,東京都豊島区雑司が谷３丁目２３ー９,35.722827059933,139.7136819202,self_propelled,4,TRUE,,,hourly,220,15,,ハイルーフ,5000,1900,2000,2000,4,,https://www.repark.jp/parking_user/time/result/detail/?park=REP0011611&st=4&pref=13
東池袋１丁目第９,repark-rep0009225,東京都豊島区東池袋１丁目３ー９,35.730267928398,139.71358714044,self_propelled,5,TRUE,,,hourly,330,15,,ハイルーフ,5000,1900,2000,2000,5,,https://www.repark.jp/parking_user/time/result/detail/?park=REP0009225&st=4&pref=13
南池袋１丁目,repark-rep0025776,東京都豊島区南池袋１丁目７ー１４,35.724132412288,139.71007382674,self_propelled,3,TRUE,,,hourly,330,20,,ハイルーフ,5000,1900,2000,2000,3,,https://www.repark.jp/parking_user/time/result/detail/?park=REP0025776&st=4&pref=13
雑司が谷１丁目第２,repark-rep0027082,東京都豊島区雑司が谷１丁目４１ー１２,35.721616211983,139.72138411429,self_propelled,3,TRUE,,,hourly,220,30,,ハイルーフ,5000,1900,2000,2000,3,,https://www.repark.jp/parking_user/time/result/detail/?park=REP0027082&st=4&pref=13
東池袋１丁目第２,repark-rep0003850,東京都豊島区東池袋１丁目３１－８,35.732345530556,139.71624238026,self_propelled,6,TRUE,,,hourly,660,15,,ハイルーフ,5000,1900,2000,2000,6,,https://www.repark.jp/parking_user/time/result/detail/?park=REP0003850&st=4&pref=13
王子本町１丁目第２,repark-rep0009003,東京都北区王子本町１丁目１２－６,35.753360226482,139.73208176415,self_propelled,5,TRUE,,,hourly,440,30,,ハイルーフ,5000,1900,2000,2000,5,,https://www.repark.jp/parking_user/time/result/detail/?park=REP0009003&st=4&pref=13
王子本町１丁目第３,repark-rep0017146,東京都北区王子本町１丁目９ー１２,35.75311025094,139.7319512305,self_propelled,5,TRUE,,,hourly,220,20,,ハイルーフ,5000,1900,2000,2000,5,,https://www.repark.jp/parking_user/time/result/detail/?park=REP0017146&st=4&pref=13
王子本町２丁目第２,repark-rep0026561,東京都北区王子本町２丁目２６ー７,35.753437975323,139.73094574392,self_propelled,7,TRUE,,,hourly,220,30,,ハイルーフ,5000,1900,2000,2000,7,,https://www.repark.jp/parking_user/time/result/detail/?park=REP0026561&st=4&pref=13
王子本町２丁目,repark-rep0012137,東京都北区王子本町２丁目１６ー１５,35.755140584988,139.73173448801,self_propelled,6,TRUE,,,hourly,220,20,,ハイルーフ,5000,1900,2000,2000,6,,https://www.repark.jp/parking_user/time/result/detail/?park=REP0012137&st=4&pref=13
滝野川１丁目第３,repark-rep0016127,東京都北区滝野川１丁目５８ー４,35.750210645601,139.73678985118,self_propelled,6,TRUE,,,hourly,220,25,,ハイルーフ,5000,1900,2000,2000,6,,https://www.repark.jp/parking_user/time/result/detail/?park=REP0016127&st=4&pref=13
滝野川１丁目,repark-rep0009462,東京都北区滝野川１丁目５８ー１０,35.749877352151,139.73707039923,self_propelled,4,TRUE,,,hourly,220,20,,ハイルーフ,5000,1900,2000,2000,4,,https://www.repark.jp/parking_user/time/result/detail/?park=REP0009462&st=4&pref=13
王子２丁目第３,repark-rep0019379,東京都北区王子２丁目３０ー１,35.756393330392,139.73753950423,self_propelled,4,TRUE,,,hourly,220,25,,ハイルーフ,5000,1900,2000,2000,4,,https://www.repark.jp/parking_user/time/result/detail/?park=REP0019379&st=4&pref=13
王子２丁目第２,repark-rep0011379,東京都北区王子２丁目３２ー８,35.756268357586,139.73833111124,self_propelled,21,TRUE,,,hourly,220,15,,ハイルーフ,5000,1900,2000,2000,21,,https://www.repark.jp/parking_user/time/result/detail/?park=REP0011379&st=4&pref=13
王子２丁目第４,repark-rep0023927,東京都北区王子２丁目３２ー６,35.756321134793,139.73860886274,self_propelled,5,TRUE,,,hourly,220,15,,ハイルーフ,5000,1900,2000,2000,5,,https://www.repark.jp/parking_user/time/result/detail/?park=REP0023927&st=4&pref=13
王子１丁目,repark-rep0011600,東京都北区王子１丁目２５ー１０,35.756054515038,139.73968100898,self_propelled,6,TRUE,,,hourly,220,20,,ハイルーフ,5000,1900,2000,2000,6,,https://www.repark.jp/parking_user/time/result/detail/?park=REP0011600&st=4&pref=13
荒川１丁目第３,repark-rep0019658,東京都荒川区荒川１丁目１７ー１６,35.735435328076,139.78717523607,self_propelled,6,TRUE,,,hourly,220,30,,ハイルーフ,5000,1900,2000,2000,6,,https://www.repark.jp/parking_user/time/result/detail/?park=REP0019658&st=4&pref=13
荒川１丁目第２,repark-rep0014438,東京都荒川区荒川１丁目５４ー６,35.733271640815,139.78547547687,self_propelled,16,TRUE,,,hourly,220,30,,ハイルーフ,5000,1900,2000,2000,16,,https://www.repark.jp/parking_user/time/result/detail/?park=REP0014438&st=4&pref=13
荒川１丁目,repark-rep0012672,東京都荒川区荒川１丁目１４ー１３,35.737382356859,139.78803618592,self_propelled,6,TRUE,,,hourly,220,20,,ハイルーフ,5000,1900,2000,2000,6,,https://www.repark.jp/parking_user/time/result/detail/?park=REP0012672&st=4&pref=13
荒川３丁目,repark-rep0022022,東京都荒川区荒川３丁目４２ー１,35.733110447744,139.77978984548,self_propelled,3,TRUE,,,hourly,220,30,,ハイルーフ,5000,1900,2000,2000,3,,https://www.repark.jp/parking_user/time/result/detail/?park=REP0022022&st=4&pref=13
荒川２丁目,repark-rep0018312,東京都荒川区荒川２丁目５１ー１１,35.740034785655,139.7842863752,self_propelled,4,TRUE,,,hourly,220,30,,ハイルーフ,5000,1900,2000,2000,4,,https://www.repark.jp/parking_user/time/result/detail/?park=REP0018312&st=4&pref=13
荒川４丁目第４,repark-rep0014467,東京都荒川区荒川４丁目５６ー５,35.740154170892,139.78165325538,self_propelled,3,TRUE,,,hourly,220,30,,ハイルーフ,5000,1900,2000,2000,3,,https://www.repark.jp/parking_user/time/result/detail/?park=REP0014467&st=4&pref=13
南千住６丁目第２,repark-rep0024402,東京都荒川区南千住６丁目３ー５,35.736949088347,139.78907500859,self_propelled,8,TRUE,,,hourly,220,20,,ハイルーフ,5000,1900,2000,2000,8,,https://www.repark.jp/parking_user/time/result/detail/?park=REP0024402&st=4&pref=13
東日暮里３丁目第２,repark-rep0010585,東京都荒川区東日暮里３丁目１９ー１１,35.731618959537,139.78089260057,self_propelled,4,TRUE,,,hourly,250,30,,ハイルーフ,5000,1900,2000,2000,4,,https://www.repark.jp/parking_user/time/result/detail/?park=REP0010585&st=4&pref=13
荒川７丁目,repark-rep0022024,東京都荒川区荒川７丁目３２ー１３,35.740176371722,139.78052001447,self_propelled,3,TRUE,,,hourly,220,30,,ハイルーフ,5000,1900,2000,2000,3,,https://www.repark.jp/parking_user/time/result/detail/?park=REP0022024&st=4&pref=13
荒川４丁目第３,repark-rep0008363,東京都荒川区荒川４丁目４０,35.739987473575,139.77883960773,self_propelled,2,TRUE,,,hourly,250,20,,ハイルーフ,5000,1900,2000,2000,2,,https://www.repark.jp/parking_user/time/result/detail/?park=REP0008363&st=4&pref=13
板橋氷川町第５,repark-rep0026106,,35.752857085399,139.70821432449,self_propelled,4,TRUE,,,hourly,220,20,,ハイルーフ,5000,1900,2000,2000,4,,https://www.repark.jp/parking_user/time/result/detail/?park=REP0026106&st=4&pref=13
板橋仲宿第４,repark-rep0016336,,35.75338482073,139.70900312368,self_propelled,2,TRUE,,,hourly,220,15,,ハイルーフ,5000,1900,2000,2000,2,,https://www.repark.jp/parking_user/time/result/detail/?park=REP0016336&st=4&pref=13
板橋仲宿,repark-rep0003145,,35.753493148741,139.70938086532,self_propelled,3,TRUE,,,hourly,250,15,,ハイルーフ,5000,1900,2000,2000,3,,https://www.repark.jp/parking_user/time/result/detail/?park=REP0003145&st=4&pref=13
板橋３丁目,repark-rep0007493,東京都板橋区板橋３丁目３ー２,35.749985242525,139.71233355963,self_propelled,4,TRUE,,,hourly,220,15,,ハイルーフ,5000,1900,2000,2000,4,,https://www.repark.jp/parking_user/time/result/detail/?park=REP0007493&st=4&pref=13
板橋２丁目第６,repark-rep0026343,東京都板橋区板橋２丁目４８ー２,35.748904795541,139.71195864052,self_propelled,7,TRUE,,,hourly,250,25,,ハイルーフ,5000,1900,2000,2000,7,,https://www.repark.jp/parking_user/time/result/detail/?park=REP0026343&st=4&pref=13
板橋２丁目第７,repark-rep0029057,東京都板橋区板橋２丁目１６‐９,35.747607679097,139.71005885802,self_propelled,5,TRUE,,,hourly,220,30,,ハイルーフ,5000,1900,2000,2000,5,,https://www.repark.jp/parking_user/time/result/detail/?park=REP0029057&st=4&pref=13
大山東町第１０,repark-rep0026335,,35.747724293259,139.70774793357,self_propelled,9,TRUE,,,hourly,130,10,,ハイルーフ,5000,1900,2000,2000,9,,https://www.repark.jp/parking_user/time/result/detail/?park=REP0026335&st=4&pref=13
板橋２丁目第５,repark-rep0023479,東京都板橋区板橋２丁目３２,35.748163209124,139.71203089066,self_propelled,6,TRUE,,,hourly,220,25,,ハイルーフ,5000,1900,2000,2000,6,,https://www.repark.jp/parking_user/time/result/detail/?park=REP0023479&st=4&pref=13
板橋氷川町第４,repark-rep0016134,,35.753665287414,139.70566449903,self_propelled,3,TRUE,,,hourly,220,20,,ハイルーフ,5000,1900,2000,2000,3,,https://www.repark.jp/parking_user/time/result/detail/?park=REP0016134&st=4&pref=13
大山東町第９,repark-rep0020970,,35.748088099069,139.70527034458,self_propelled,10,TRUE,,,hourly,350,30,,ハイルーフ,5000,1900,2000,2000,10,,https://www.repark.jp/parking_user/time/result/detail/?park=REP0020970&st=4&pref=13
中村北１丁目,repark-rep0010328,東京都練馬区中村北１丁目６ー１４,35.734885753551,139.64912839304,self_propelled,3,TRUE,,,hourly,230,25,,ハイルーフ,5000,1900,2000,2000,3,,https://www.repark.jp/parking_user/time/result/detail/?park=REP0010328&st=4&pref=13
豊玉北５丁目第７,repark-rep0026142,東京都練馬区豊玉北５丁目１１ー７,35.734366474662,139.65545844625,self_propelled,4,TRUE,,,hourly,250,25,,ハイルーフ,5000,1900,2000,2000,4,,https://www.repark.jp/parking_user/time/result/detail/?park=REP0026142&st=4&pref=13
豊玉北５丁目第６,repark-rep0025199,東京都練馬区豊玉北５丁目３ー１６,35.736652354891,139.65624438672,self_propelled,10,TRUE,,,hourly,350,20,,ハイルーフ,5000,1900,2000,2000,10,,https://www.repark.jp/parking_user/time/result/detail/?park=REP0025199&st=4&pref=13
練馬３丁目第３,repark-rep0027129,東京都練馬区練馬３丁目２４ー４,35.738935319579,139.64908098751,self_propelled,3,TRUE,,,hourly,220,25,,ハイルーフ,5000,1900,2000,2000,3,,https://www.repark.jp/parking_user/time/result/detail/?park=REP0027129&st=4&pref=13
豊玉北５丁目第３,repark-rep0008818,東京都練馬区豊玉北５丁目４ー１６,35.736280177163,139.65649993863,self_propelled,4,TRUE,,,hourly,250,15,,ハイルーフ,5000,1900,2000,2000,4,,https://www.repark.jp/parking_user/time/result/detail/?park=REP0008818&st=4&pref=13
豊玉北５丁目第４,repark-rep0009837,東京都練馬区豊玉北５丁目５ー１０,35.735830228638,139.65669160944,self_propelled,4,TRUE,,,hourly,250,30,,ハイルーフ,5000,1900,2000,2000,4,,https://www.repark.jp/parking_user/time/result/detail/?park=REP0009837&st=4&pref=13
豊玉中４丁目,repark-rep0014179,東京都練馬区豊玉中４丁目１１ー３１,35.73149725867,139.65094228643,self_propelled,6,TRUE,,,hourly,220,30,,ハイルーフ,5000,1900,2000,2000,6,,https://www.repark.jp/parking_user/time/result/detail/?park=REP0014179&st=4&pref=13
練馬３丁目第２,repark-rep0027024,東京都練馬区練馬３丁目１４ー３,35.739096398697,139.64824216076,self_propelled,7,TRUE,,,hourly,110,15,,ハイルーフ,5000,1900,2000,2000,7,,https://www.repark.jp/parking_user/time/result/detail/?park=REP0027024&st=4&pref=13
練馬１丁目,repark-rep0017220,東京都練馬区練馬１丁目１８ー１９,35.7392409445,139.65495548557,self_propelled,4,TRUE,,,hourly,220,15,,ハイルーフ,5000,1900,2000,2000,4,,https://www.repark.jp/parking_user/time/result/detail/?park=REP0017220&st=4&pref=13
豊玉北４丁目第３,repark-rep0023692,東京都練馬区豊玉北４丁目２８ー１９,35.736260751446,139.65742764048,self_propelled,2,TRUE,,,hourly,250,20,,ハイルーフ,5000,1900,2000,2000,2,,https://www.repark.jp/parking_user/time/result/detail/?park=REP0023692&st=4&pref=13
梅島１丁目第３,repark-rep0028028,東京都足立区梅島１丁目２５ー１,35.772392762162,139.80298055469,self_propelled,4,TRUE,,,hourly,220,30,,ハイルーフ,5000,1900,2000,2000,4,,https://www.repark.jp/parking_user/time/result/detail/?park=REP0028028&st=4&pref=13
足立中央本町２丁目,repark-rep0015104,東京都足立区中央本町２丁目９ー１４,35.771281827044,139.80624700156,self_propelled,3,TRUE,,,hourly,220,30,,ハイルーフ,5000,1900,2000,2000,3,,https://www.repark.jp/parking_user/time/result/detail/?park=REP0015104&st=4&pref=13
梅島１丁目第２,repark-rep0008897,東京都足立区梅島１丁目６ー４,35.771612250446,139.80073633301,self_propelled,2,TRUE,,,hourly,220,30,,ハイルーフ,5000,1900,2000,2000,2,,https://www.repark.jp/parking_user/time/result/detail/?park=REP0008897&st=4&pref=13
梅島１丁目第４,repark-rep0028069,東京都足立区梅島１丁目４ー１０,35.771112312216,139.80121131658,self_propelled,6,TRUE,,,hourly,220,30,,ハイルーフ,5000,1900,2000,2000,6,,https://www.repark.jp/parking_user/time/result/detail/?park=REP0028069&st=4&pref=13
梅島２丁目第４,repark-rep0012932,東京都足立区梅島２丁目２０ー１５,35.776525573156,139.79840296655,self_propelled,4,TRUE,,,hourly,220,30,,ハイルーフ,5000,1900,2000,2000,4,,https://www.repark.jp/parking_user/time/result/detail/?park=REP0012932&st=4&pref=13
足立中央本町２丁目第４,repark-rep0027609,東京都足立区中央本町２丁目１７ー３,35.770909682401,139.80839684016,self_propelled,8,TRUE,,,hourly,220,30,,ハイルーフ,5000,1900,2000,2000,8,,https://www.repark.jp/parking_user/time/result/detail/?park=REP0027609&st=4&pref=13
足立青井１丁目,repark-rep0012388,東京都足立区青井１丁目９ー２,35.775078727972,139.81111586638,self_propelled,5,TRUE,,,hourly,220,30,,ハイルーフ,5000,1900,2000,2000,5,,https://www.repark.jp/parking_user/time/result/detail/?park=REP0012388&st=4&pref=13
足立青井１丁目第３,repark-rep0026259,東京都足立区青井１丁目９ー８,35.775412032162,139.8115074855,self_propelled,11,TRUE,,,hourly,220,30,,ハイルーフ,5000,1900,2000,2000,11,,https://www.repark.jp/parking_user/time/result/detail/?park=REP0026259&st=4&pref=13
足立中央本町２丁目第３,repark-rep0027408,東京都足立区中央本町２丁目１６ー１５,35.77012644974,139.80940234772,self_propelled,8,TRUE,,,hourly,220,60,,ハイルーフ,5000,1900,2000,2000,8,,https://www.repark.jp/parking_user/time/result/detail/?park=REP0027408&st=4&pref=13
足立青井６丁目,repark-rep0027337,東京都足立区青井６丁目１６ー１６,35.77734238654,139.81178515156,self_propelled,8,TRUE,,,hourly,110,15,,ハイルーフ,5000,1900,2000,2000,8,,https://www.repark.jp/parking_user/time/result/detail/?park=REP0027337&st=4&pref=13
立石７丁目第２,repark-rep0022322,東京都葛飾区立石７丁目１６ー２,35.740802516346,139.84988367005,self_propelled,3,TRUE,,,hourly,220,15,,ハイルーフ,5000,1900,2000,2000,3,,https://www.repark.jp/parking_user/time/result/detail/?park=REP0022322&st=4&pref=13
立石７丁目第３,repark-rep0026655,東京都葛飾区立石７丁目２１ー２,35.740458110513,139.85001700784,self_propelled,4,TRUE,,,hourly,220,30,,ハイルーフ,5000,1900,2000,2000,4,,https://www.repark.jp/parking_user/time/result/detail/?park=REP0026655&st=4&pref=13
立石３丁目第２,repark-rep0008362,東京都葛飾区立石３丁目２２ー１５,35.739935856026,139.84495911894,self_propelled,3,TRUE,,,hourly,220,40,,ハイルーフ,5000,1900,2000,2000,3,,https://www.repark.jp/parking_user/time/result/detail/?park=REP0008362&st=4&pref=13
立石４丁目第２,repark-rep0018696,東京都葛飾区立石４丁目１８ー１,35.739252639332,139.84743394487,self_propelled,3,TRUE,,,hourly,220,40,,ハイルーフ,5000,1900,2000,2000,3,,https://www.repark.jp/parking_user/time/result/detail/?park=REP0018696&st=4&pref=13
四つ木５丁目,repark-rep0008521,東京都葛飾区四つ木５丁目２３ー２２,35.744332557922,139.8421063754,self_propelled,4,TRUE,,,hourly,110,15,,ハイルーフ,5000,1900,2000,2000,4,,https://www.repark.jp/parking_user/time/result/detail/?park=REP0008521&st=4&pref=13
立石４丁目第３,repark-rep0021011,東京都葛飾区立石４丁目２０ー８,35.738911014404,139.8477506003,self_propelled,5,TRUE,,,hourly,220,30,,ハイルーフ,5000,1900,2000,2000,5,,https://www.repark.jp/parking_user/time/result/detail/?park=REP0021011&st=4&pref=13
立石７丁目第４,repark-rep0026905,東京都葛飾区立石７丁目２４ー８,35.739469331981,139.85028647599,self_propelled,2,TRUE,,,hourly,220,30,,ハイルーフ,5000,1900,2000,2000,2,,https://www.repark.jp/parking_user/time/result/detail/?park=REP0026905&st=4&pref=13
立石６丁目,repark-rep0009533,東京都葛飾区立石６丁目３０ー１,35.744018891832,139.85294715653,self_propelled,9,TRUE,,,hourly,200,20,,ハイルーフ,5000,1900,2000,2000,9,,https://www.repark.jp/parking_user/time/result/detail/?park=REP0009533&st=4&pref=13
立石６丁目第２,repark-rep0025201,東京都葛飾区立石６丁目３４ー９,35.742402408339,139.85349718528,self_propelled,8,TRUE,,,hourly,400,20,,ハイルーフ,5000,1900,2000,2000,8,,https://www.repark.jp/parking_user/time/result/detail/?park=REP0025201&st=4&pref=13
青戸第一団地,repark-rep0016431,東京都葛飾区青戸３丁目１６ー２４,35.748132333769,139.85254144481,self_propelled,5,TRUE,,,hourly,220,30,,ハイルーフ,5000,1900,2000,2000,5,,https://www.repark.jp/parking_user/time/result/detail/?park=REP0016431&st=4&pref=13
江戸川中央１丁目,repark-rep0002532,東京都江戸川区中央１丁目１２,35.706192661943,139.86893090387,self_propelled,19,TRUE,,,hourly,220,30,,ハイルーフ,5000,1900,2000,2000,19,,https://www.repark.jp/parking_user/time/result/detail/?park=REP0002532&st=4&pref=13
吉野家１４号線西小松川店,repark-rep0017429,,35.702354113171,139.86490363708,self_propelled,15,TRUE,,,hourly,300,30,,ハイルーフ,5000,1900,2000,2000,15,,https://www.repark.jp/parking_user/time/result/detail/?park=REP0017429&st=4&pref=13
東小松川１丁目,repark-rep0009519,東京都江戸川区東小松川１丁目１２ー１９,35.700287714645,139.86762017363,self_propelled,3,TRUE,,,hourly,220,20,,ハイルーフ,5000,1900,2000,2000,3,,https://www.repark.jp/parking_user/time/result/detail/?park=REP0009519&st=4&pref=13
新小岩第４,repark-rep0004657,東京都江戸川区松島３丁目１５－１４,35.712736295894,139.86262557021,self_propelled,2,TRUE,,,hourly,330,30,,ハイルーフ,5000,1900,2000,2000,2,,https://www.repark.jp/parking_user/time/result/detail/?park=REP0004657&st=4&pref=13
西小松川町,repark-rep0014704,,35.698907257086,139.86474547593,self_propelled,4,TRUE,,,hourly,220,25,,ハイルーフ,5000,1900,2000,2000,4,,https://www.repark.jp/parking_user/time/result/detail/?park=REP0014704&st=4&pref=13
松江２丁目,repark-rep0011007,東京都江戸川区松江２丁目４１ー８,35.70093778775,139.87578613252,self_propelled,9,TRUE,,,hourly,220,20,,ハイルーフ,5000,1900,2000,2000,9,,https://www.repark.jp/parking_user/time/result/detail/?park=REP0011007&st=4&pref=13
西小松川町第２,repark-rep0027045,,35.698751708263,139.86420386108,self_propelled,5,TRUE,,,hourly,220,30,,ハイルーフ,5000,1900,2000,2000,5,,https://www.repark.jp/parking_user/time/result/detail/?park=REP0027045&st=4&pref=13
大杉５丁目第３,repark-rep0020137,東京都江戸川区大杉５丁目２３ー３,35.707542690939,139.87885779528,self_propelled,7,TRUE,,,hourly,220,40,,ハイルーフ,5000,1900,2000,2000,7,,https://www.repark.jp/parking_user/time/result/detail/?park=REP0020137&st=4&pref=13
松島４丁目第３,repark-rep0026394,東京都江戸川区松島４丁目２６ー７,35.712075177691,139.85816486011,self_propelled,4,TRUE,,,hourly,220,30,,ハイルーフ,5000,1900,2000,2000,4,,https://www.repark.jp/parking_user/time/result/detail/?park=REP0026394&st=4&pref=13
江戸川中央３丁目,repark-rep0010860,東京都江戸川区中央３丁目１７,35.715264004869,139.87415227453,self_propelled,5,TRUE,,,hourly,200,30,,ハイルーフ,5000,1900,2000,2000,5,,https://www.repark.jp/parking_user/time/result/detail/?park=REP0010860&st=4&pref=13